--
-- IoT-forge baseline reference data (squashed from 113 migrations)
-- Global/system reference rows only; runtime & sample tenant data excluded.
--

-- system sentinel tenants (required by FK from system_settings/role_permissions)
INSERT INTO tenant (tenant_id, tenant_code, tenant_name, deployment_mode, config, enabled, create_time, update_time) VALUES ('DEFAULT', 'DEFAULT', '預設租戶', 'ON_PREMISE', NULL, true, '2026-06-15 09:54:41.057459', '2026-06-15 09:54:41.057459');
INSERT INTO tenant (tenant_id, tenant_code, tenant_name, deployment_mode, config, enabled, create_time, update_time) VALUES ('__PLATFORM__', '__PLATFORM__', 'Platform Defaults (sentinel)', 'CLOUD', NULL, false, '2026-06-15 09:54:42.796561', '2026-06-15 09:54:42.796561');

-- roles (global)
INSERT INTO roles (role_id, code, name, description, built_in, enabled, create_time, update_time, data_scope) VALUES ('ROLE_SUPER_ADMIN', 'SUPER_ADMIN', '超級管理員', '跨 tenant 最高權限', true, true, '2026-06-15 09:54:41.122527', '2026-06-15 09:54:41.122527', 'ALL');
INSERT INTO roles (role_id, code, name, description, built_in, enabled, create_time, update_time, data_scope) VALUES ('ROLE_ADMIN', 'ADMIN', '場域管理者', '單一 tenant 最高權限', true, true, '2026-06-15 09:54:41.122527', '2026-06-15 09:54:41.122527', 'ALL');
INSERT INTO roles (role_id, code, name, description, built_in, enabled, create_time, update_time, data_scope) VALUES ('ROLE_MONITOR', 'MONITOR', '監造人員', '監造/稽核', true, true, '2026-06-15 09:54:41.122527', '2026-06-15 09:54:41.122527', 'THIS_LEVEL_AND_BELOW');
INSERT INTO roles (role_id, code, name, description, built_in, enabled, create_time, update_time, data_scope) VALUES ('ROLE_OPERATOR', 'OPERATOR', '維運人員', '設備管理、工單處理', true, true, '2026-06-15 09:54:41.122527', '2026-06-15 09:54:41.122527', 'THIS_LEVEL');
INSERT INTO roles (role_id, code, name, description, built_in, enabled, create_time, update_time, data_scope) VALUES ('ROLE_VIEWER', 'VIEWER', '檢視者', '唯讀', true, true, '2026-06-15 09:54:41.122527', '2026-06-15 09:54:41.122527', 'THIS_LEVEL');
INSERT INTO roles (role_id, code, name, description, built_in, enabled, create_time, update_time, data_scope) VALUES ('ROLE_FIELD_USER', 'FIELD_USER', '現場人員', 'APP 端操作', true, true, '2026-06-15 09:54:41.122527', '2026-06-15 09:54:41.122527', 'THIS_LEVEL');
INSERT INTO roles (role_id, code, name, description, built_in, enabled, create_time, update_time, data_scope) VALUES ('ROLE_DEPT_ADMIN', 'DEPT_ADMIN', '部門管理者', '部門層級管理權限，可管理本部門及下級', true, true, '2026-06-15 09:54:41.966429', '2026-06-15 09:54:41.966429', 'THIS_LEVEL_AND_BELOW');
INSERT INTO roles (role_id, code, name, description, built_in, enabled, create_time, update_time, data_scope) VALUES ('ROLE_DEPT_USER', 'DEPT_USER', '部門使用者', '部門一般操作權限，僅限本層級', true, true, '2026-06-15 09:54:41.966429', '2026-06-15 09:54:41.966429', 'THIS_LEVEL');
INSERT INTO roles (role_id, code, name, description, built_in, enabled, create_time, update_time, data_scope) VALUES ('ROLE_PROPERTY_MANAGER', 'PROPERTY_MANAGER', '財產管理員', '負責審核資產異動申請，跨部門範圍', true, true, '2026-06-15 09:54:43.615534', '2026-06-15 09:54:43.615534', 'ALL');

-- permissions (global)
INSERT INTO permissions (permission_id, code, name, group_name, sort_order) VALUES ('PERM_ROLE_UPDATE', 'ROLE_UPDATE', 'Update role', 'Role management', 36);
INSERT INTO permissions (permission_id, code, name, group_name, sort_order) VALUES ('PERM_SYS_SETTINGS_VIEW', 'SYSTEM_SETTINGS_VIEW', '檢視系統設定', '系統設定', 1);
INSERT INTO permissions (permission_id, code, name, group_name, sort_order) VALUES ('PERM_SYS_SETTINGS_MANAGE', 'SYSTEM_SETTINGS_MANAGE', '管理系統設定', '系統設定', 2);
INSERT INTO permissions (permission_id, code, name, group_name, sort_order) VALUES ('PERM_ANNOUNCEMENT_VIEW', 'ANNOUNCEMENT_VIEW', '檢視公告管理頁', '系統公告', 1);
INSERT INTO permissions (permission_id, code, name, group_name, sort_order) VALUES ('PERM_ANNOUNCEMENT_MANAGE', 'ANNOUNCEMENT_MANAGE', '管理系統公告', '系統公告', 2);
INSERT INTO permissions (permission_id, code, name, group_name, sort_order) VALUES ('PERM_PWD_POLICY_TENANT_VIEW', 'PASSWORD_POLICY_TENANT_VIEW', '檢視租戶密碼策略', '密碼策略', 1);
INSERT INTO permissions (permission_id, code, name, group_name, sort_order) VALUES ('PERM_PWD_POLICY_TENANT_MANAGE', 'PASSWORD_POLICY_TENANT_MANAGE', '管理租戶密碼策略', '密碼策略', 2);
INSERT INTO permissions (permission_id, code, name, group_name, sort_order) VALUES ('PERM_PWD_POLICY_PLATFORM_VIEW', 'PASSWORD_POLICY_PLATFORM_VIEW', '檢視平台密碼策略', '密碼策略', 3);
INSERT INTO permissions (permission_id, code, name, group_name, sort_order) VALUES ('PERM_PWD_POLICY_PLATFORM_MANAGE', 'PASSWORD_POLICY_PLATFORM_MANAGE', '管理平台密碼策略', '密碼策略', 4);
INSERT INTO permissions (permission_id, code, name, group_name, sort_order) VALUES ('PERM_PASSWORD_POLICY_MANAGE', 'PASSWORD_POLICY_MANAGE', '管理租戶密碼策略', '密碼策略', 10);
INSERT INTO permissions (permission_id, code, name, group_name, sort_order) VALUES ('PERM_PLATFORM_TENANT_MANAGE', 'PLATFORM_TENANT_MANAGE', '管理租戶（含認證方式設定）', '平台管理', 20);
INSERT INTO permissions (permission_id, code, name, group_name, sort_order) VALUES ('PERM_PLATFORM_PASSWORD_POLICY_MANAGE', 'PLATFORM_PASSWORD_POLICY_MANAGE', '管理平台密碼策略預設值', '平台管理', 21);
INSERT INTO permissions (permission_id, code, name, group_name, sort_order) VALUES ('PERM_PLATFORM_USER_TENANT_MAPPING', 'PLATFORM_USER_TENANT_MAPPING', '管理跨租戶使用者—角色對應', '平台管理', 22);
INSERT INTO permissions (permission_id, code, name, group_name, sort_order) VALUES ('PERM_PLATFORM_IMPERSONATE', 'PLATFORM_IMPERSONATE', '以租戶身份操作（impersonate）', '平台管理', 23);
INSERT INTO permissions (permission_id, code, name, group_name, sort_order) VALUES ('PERM_PLATFORM_ANNOUNCEMENT_MANAGE', 'PLATFORM_ANNOUNCEMENT_MANAGE', '管理平台公告', '平台管理', 10);
INSERT INTO permissions (permission_id, code, name, group_name, sort_order) VALUES ('PERM_ASSET_TRANSFER_VIEW', 'ASSET_TRANSFER_VIEW', '檢視資產異動', '資產異動', 1);
INSERT INTO permissions (permission_id, code, name, group_name, sort_order) VALUES ('PERM_ASSET_TRANSFER_CREATE', 'ASSET_TRANSFER_CREATE', '新增資產異動申請', '資產異動', 2);
INSERT INTO permissions (permission_id, code, name, group_name, sort_order) VALUES ('PERM_ASSET_TRANSFER_APPROVE', 'ASSET_TRANSFER_APPROVE', '審核資產異動申請', '資產異動', 3);
INSERT INTO permissions (permission_id, code, name, group_name, sort_order) VALUES ('PREM_DEVICE_VIEW', 'DEVICE_VIEW', '設備檢視', 'Device management', 0);
INSERT INTO permissions (permission_id, code, name, group_name, sort_order) VALUES ('PERM_USER_CREATE', 'USER_CREATE', '帳號新增', '用戶管理', 11);
INSERT INTO permissions (permission_id, code, name, group_name, sort_order) VALUES ('PERM_USER_LIST', 'USER_LIST', '帳號列舉', '用戶管理', 10);
INSERT INTO permissions (permission_id, code, name, group_name, sort_order) VALUES ('PERM_TENANT_UPDATE', 'TENANT_UPDATE', '場域更新', '場域管理', 72);
INSERT INTO permissions (permission_id, code, name, group_name, sort_order) VALUES ('PERM_TENANT_CREATE', 'TENANT_CREATE', '場域創建', '場域管理', 71);
INSERT INTO permissions (permission_id, code, name, group_name, sort_order) VALUES ('PERM_TENANT_LIST', 'TENANT_LIST', '場域清單', '場域管理', 70);
INSERT INTO permissions (permission_id, code, name, group_name, sort_order) VALUES ('PERM_USER_DELETE', 'USER_DELETE', '帳號刪除', '用戶管理', 14);
INSERT INTO permissions (permission_id, code, name, group_name, sort_order) VALUES ('PERM_ROLE_ASSIGN_PERM', 'ROLE_ASSIGN_PERM', '權限指派', '角色管理', 37);
INSERT INTO permissions (permission_id, code, name, group_name, sort_order) VALUES ('PERM_ROLE_CREATE', 'ROLE_CREATE', '角色創建', '角色管理', 34);
INSERT INTO permissions (permission_id, code, name, group_name, sort_order) VALUES ('PERM_ROLE_LIST', 'ROLE_LIST', '角色列舉', '角色管理', 35);
INSERT INTO permissions (permission_id, code, name, group_name, sort_order) VALUES ('PERM_AUDIT_LIST', 'AUDIT_LIST', '歷史稽核紀錄', '稽核管理', 40);
INSERT INTO permissions (permission_id, code, name, group_name, sort_order) VALUES ('PERM_MENU_DELETE', 'MENU_DELETE', '選單刪除', '選單管理', 33);
INSERT INTO permissions (permission_id, code, name, group_name, sort_order) VALUES ('PERM_MENU_UPDATE', 'MENU_UPDATE', '選單更新', '選單管理', 32);
INSERT INTO permissions (permission_id, code, name, group_name, sort_order) VALUES ('PERM_MENU_CREATE', 'MENU_CREATE', '選單新增', '選單管理', 31);
INSERT INTO permissions (permission_id, code, name, group_name, sort_order) VALUES ('PERM_MENU_LIST', 'MENU_LIST', '選單列舉', '選單管理', 30);
INSERT INTO permissions (permission_id, code, name, group_name, sort_order) VALUES ('PERM_DEPT_DELETE', 'DEPT_DELETE', '部門刪除', '部門管理', 23);
INSERT INTO permissions (permission_id, code, name, group_name, sort_order) VALUES ('PERM_DEPT_UPDATE', 'DEPT_UPDATE', '部門更新', '部門管理', 22);
INSERT INTO permissions (permission_id, code, name, group_name, sort_order) VALUES ('PERM_DEPT_CREATE', 'DEPT_CREATE', '部門新增', '部門管理', 21);
INSERT INTO permissions (permission_id, code, name, group_name, sort_order) VALUES ('PERM_DEPT_LIST', 'DEPT_LIST', '部門列舉', '部門管理', 20);
INSERT INTO permissions (permission_id, code, name, group_name, sort_order) VALUES ('PERM_USER_DISABLE', 'USER_DISABLE', '帳號停用', '用戶管理', 13);
INSERT INTO permissions (permission_id, code, name, group_name, sort_order) VALUES ('PERM_USER_UPDATE', 'USER_UPDATE', '帳號更新', '用戶管理', 12);
INSERT INTO permissions (permission_id, code, name, group_name, sort_order) VALUES ('PERM_WORKFLOW_DELEGATE_MANAGE', 'WORKFLOW_DELEGATE_MANAGE', '指派代理人設定', '代理人管理', 1);
INSERT INTO permissions (permission_id, code, name, group_name, sort_order) VALUES ('PERM_DEVICE_DELETE', 'DEVICE_DELETE', '刪除設備', 'Device management', 53);
INSERT INTO permissions (permission_id, code, name, group_name, sort_order) VALUES ('PERM_DEVICE_TEMPLATE_MANAGE', 'DEVICE_TEMPLATE_MANAGE', '管理設備模板', 'Device management', 54);
INSERT INTO permissions (permission_id, code, name, group_name, sort_order) VALUES ('PERM_WORK_ORDER_VIEW', 'WORK_ORDER_VIEW', '檢視工單', 'Work order management', 55);
INSERT INTO permissions (permission_id, code, name, group_name, sort_order) VALUES ('PERM_WORK_ORDER_MANAGE', 'WORK_ORDER_MANAGE', '管理工單', 'Work order management', 56);
INSERT INTO permissions (permission_id, code, name, group_name, sort_order) VALUES ('PERM_CIRCUIT_VIEW', 'CIRCUIT_VIEW', '檢視電力迴路', 'Circuit management', 57);
INSERT INTO permissions (permission_id, code, name, group_name, sort_order) VALUES ('PERM_CIRCUIT_MANAGE', 'CIRCUIT_MANAGE', '管理電力迴路', 'Circuit management', 58);
INSERT INTO permissions (permission_id, code, name, group_name, sort_order) VALUES ('PERM_CONTRACT_VIEW', 'CONTRACT_VIEW', '檢視標案契約', 'Contract management', 59);
INSERT INTO permissions (permission_id, code, name, group_name, sort_order) VALUES ('PERM_CONTRACT_MANAGE', 'CONTRACT_MANAGE', '管理標案契約', 'Contract management', 60);
INSERT INTO permissions (permission_id, code, name, group_name, sort_order) VALUES ('PREM_DEVICE_MANAGE', 'DEVICE_MANAGE', '設備管理', 'Device management', 51);
INSERT INTO permissions (permission_id, code, name, group_name, sort_order) VALUES ('PERM_WORK_ORDER_APPROVE', 'WORK_ORDER_APPROVE', '審核工單', 'Work order management', 57);

-- role_permissions (global grants; tenant_id IS NULL)
INSERT INTO role_permissions (role_id, permission_id, tenant_id) VALUES ('ROLE_ADMIN', 'PERM_USER_LIST', NULL);
INSERT INTO role_permissions (role_id, permission_id, tenant_id) VALUES ('ROLE_ADMIN', 'PERM_USER_CREATE', NULL);
INSERT INTO role_permissions (role_id, permission_id, tenant_id) VALUES ('ROLE_ADMIN', 'PERM_USER_UPDATE', NULL);
INSERT INTO role_permissions (role_id, permission_id, tenant_id) VALUES ('ROLE_ADMIN', 'PERM_USER_DISABLE', NULL);
INSERT INTO role_permissions (role_id, permission_id, tenant_id) VALUES ('ROLE_ADMIN', 'PERM_DEPT_LIST', NULL);
INSERT INTO role_permissions (role_id, permission_id, tenant_id) VALUES ('ROLE_ADMIN', 'PERM_DEPT_CREATE', NULL);
INSERT INTO role_permissions (role_id, permission_id, tenant_id) VALUES ('ROLE_ADMIN', 'PERM_DEPT_UPDATE', NULL);
INSERT INTO role_permissions (role_id, permission_id, tenant_id) VALUES ('ROLE_ADMIN', 'PERM_DEPT_DELETE', NULL);
INSERT INTO role_permissions (role_id, permission_id, tenant_id) VALUES ('ROLE_ADMIN', 'PERM_MENU_LIST', NULL);
INSERT INTO role_permissions (role_id, permission_id, tenant_id) VALUES ('ROLE_ADMIN', 'PERM_MENU_CREATE', NULL);
INSERT INTO role_permissions (role_id, permission_id, tenant_id) VALUES ('ROLE_ADMIN', 'PERM_MENU_UPDATE', NULL);
INSERT INTO role_permissions (role_id, permission_id, tenant_id) VALUES ('ROLE_ADMIN', 'PERM_MENU_DELETE', NULL);
INSERT INTO role_permissions (role_id, permission_id, tenant_id) VALUES ('ROLE_ADMIN', 'PERM_AUDIT_LIST', NULL);
INSERT INTO role_permissions (role_id, permission_id, tenant_id) VALUES ('ROLE_VIEWER', 'PERM_USER_LIST', NULL);
INSERT INTO role_permissions (role_id, permission_id, tenant_id) VALUES ('ROLE_VIEWER', 'PERM_DEPT_LIST', NULL);
INSERT INTO role_permissions (role_id, permission_id, tenant_id) VALUES ('ROLE_VIEWER', 'PERM_AUDIT_LIST', NULL);
INSERT INTO role_permissions (role_id, permission_id, tenant_id) VALUES ('ROLE_DEPT_ADMIN', 'PERM_USER_LIST', NULL);
INSERT INTO role_permissions (role_id, permission_id, tenant_id) VALUES ('ROLE_DEPT_ADMIN', 'PERM_USER_CREATE', NULL);
INSERT INTO role_permissions (role_id, permission_id, tenant_id) VALUES ('ROLE_DEPT_ADMIN', 'PERM_USER_UPDATE', NULL);
INSERT INTO role_permissions (role_id, permission_id, tenant_id) VALUES ('ROLE_DEPT_ADMIN', 'PERM_USER_DISABLE', NULL);
INSERT INTO role_permissions (role_id, permission_id, tenant_id) VALUES ('ROLE_DEPT_ADMIN', 'PERM_DEPT_LIST', NULL);
INSERT INTO role_permissions (role_id, permission_id, tenant_id) VALUES ('ROLE_DEPT_ADMIN', 'PERM_DEPT_CREATE', NULL);
INSERT INTO role_permissions (role_id, permission_id, tenant_id) VALUES ('ROLE_DEPT_ADMIN', 'PERM_DEPT_UPDATE', NULL);
INSERT INTO role_permissions (role_id, permission_id, tenant_id) VALUES ('ROLE_DEPT_ADMIN', 'PERM_AUDIT_LIST', NULL);
INSERT INTO role_permissions (role_id, permission_id, tenant_id) VALUES ('ROLE_DEPT_ADMIN', 'PERM_DEPT_DELETE', NULL);
INSERT INTO role_permissions (role_id, permission_id, tenant_id) VALUES ('ROLE_ADMIN', 'PERM_ROLE_LIST', NULL);
INSERT INTO role_permissions (role_id, permission_id, tenant_id) VALUES ('ROLE_ADMIN', 'PERM_ROLE_UPDATE', NULL);
INSERT INTO role_permissions (role_id, permission_id, tenant_id) VALUES ('ROLE_ADMIN', 'PERM_SYS_SETTINGS_VIEW', NULL);
INSERT INTO role_permissions (role_id, permission_id, tenant_id) VALUES ('ROLE_ADMIN', 'PERM_SYS_SETTINGS_MANAGE', NULL);
INSERT INTO role_permissions (role_id, permission_id, tenant_id) VALUES ('ROLE_ADMIN', 'PERM_ANNOUNCEMENT_VIEW', NULL);
INSERT INTO role_permissions (role_id, permission_id, tenant_id) VALUES ('ROLE_ADMIN', 'PERM_ANNOUNCEMENT_MANAGE', NULL);
INSERT INTO role_permissions (role_id, permission_id, tenant_id) VALUES ('ROLE_DEPT_ADMIN', 'PERM_ANNOUNCEMENT_VIEW', NULL);
INSERT INTO role_permissions (role_id, permission_id, tenant_id) VALUES ('ROLE_DEPT_ADMIN', 'PERM_ANNOUNCEMENT_MANAGE', NULL);
INSERT INTO role_permissions (role_id, permission_id, tenant_id) VALUES ('ROLE_ADMIN', 'PERM_ROLE_CREATE', NULL);
INSERT INTO role_permissions (role_id, permission_id, tenant_id) VALUES ('ROLE_ADMIN', 'PERM_ROLE_ASSIGN_PERM', NULL);
INSERT INTO role_permissions (role_id, permission_id, tenant_id) VALUES ('ROLE_ADMIN', 'PERM_USER_DELETE', NULL);
INSERT INTO role_permissions (role_id, permission_id, tenant_id) VALUES ('ROLE_ADMIN', 'PERM_PWD_POLICY_TENANT_VIEW', NULL);
INSERT INTO role_permissions (role_id, permission_id, tenant_id) VALUES ('ROLE_ADMIN', 'PERM_PWD_POLICY_TENANT_MANAGE', NULL);
INSERT INTO role_permissions (role_id, permission_id, tenant_id) VALUES ('ROLE_ADMIN', 'PERM_PASSWORD_POLICY_MANAGE', NULL);
INSERT INTO role_permissions (role_id, permission_id, tenant_id) VALUES ('ROLE_DEPT_ADMIN', 'PERM_USER_LIST', NULL);
INSERT INTO role_permissions (role_id, permission_id, tenant_id) VALUES ('ROLE_DEPT_ADMIN', 'PERM_USER_UPDATE', NULL);
INSERT INTO role_permissions (role_id, permission_id, tenant_id) VALUES ('ROLE_DEPT_ADMIN', 'PERM_DEPT_LIST', NULL);
INSERT INTO role_permissions (role_id, permission_id, tenant_id) VALUES ('ROLE_DEPT_ADMIN', 'PERM_AUDIT_LIST', NULL);
INSERT INTO role_permissions (role_id, permission_id, tenant_id) VALUES ('ROLE_SUPER_ADMIN', 'PERM_PLATFORM_TENANT_MANAGE', NULL);
INSERT INTO role_permissions (role_id, permission_id, tenant_id) VALUES ('ROLE_SUPER_ADMIN', 'PERM_PLATFORM_PASSWORD_POLICY_MANAGE', NULL);
INSERT INTO role_permissions (role_id, permission_id, tenant_id) VALUES ('ROLE_SUPER_ADMIN', 'PERM_PLATFORM_USER_TENANT_MAPPING', NULL);
INSERT INTO role_permissions (role_id, permission_id, tenant_id) VALUES ('ROLE_SUPER_ADMIN', 'PERM_PLATFORM_IMPERSONATE', NULL);
INSERT INTO role_permissions (role_id, permission_id, tenant_id) VALUES ('ROLE_SUPER_ADMIN', 'PERM_MENU_LIST', NULL);
INSERT INTO role_permissions (role_id, permission_id, tenant_id) VALUES ('ROLE_SUPER_ADMIN', 'PERM_MENU_CREATE', NULL);
INSERT INTO role_permissions (role_id, permission_id, tenant_id) VALUES ('ROLE_SUPER_ADMIN', 'PERM_MENU_UPDATE', NULL);
INSERT INTO role_permissions (role_id, permission_id, tenant_id) VALUES ('ROLE_SUPER_ADMIN', 'PERM_MENU_DELETE', NULL);
INSERT INTO role_permissions (role_id, permission_id, tenant_id) VALUES ('ROLE_SUPER_ADMIN', 'PERM_SYS_SETTINGS_VIEW', NULL);
INSERT INTO role_permissions (role_id, permission_id, tenant_id) VALUES ('ROLE_SUPER_ADMIN', 'PERM_SYS_SETTINGS_MANAGE', NULL);
INSERT INTO role_permissions (role_id, permission_id, tenant_id) VALUES ('ROLE_SUPER_ADMIN', 'PERM_PLATFORM_ANNOUNCEMENT_MANAGE', NULL);
INSERT INTO role_permissions (role_id, permission_id, tenant_id) VALUES ('ROLE_ADMIN', 'PERM_USER_LIST', NULL);
INSERT INTO role_permissions (role_id, permission_id, tenant_id) VALUES ('ROLE_ADMIN', 'PERM_USER_CREATE', NULL);
INSERT INTO role_permissions (role_id, permission_id, tenant_id) VALUES ('ROLE_ADMIN', 'PERM_USER_UPDATE', NULL);
INSERT INTO role_permissions (role_id, permission_id, tenant_id) VALUES ('ROLE_ADMIN', 'PERM_USER_DISABLE', NULL);
INSERT INTO role_permissions (role_id, permission_id, tenant_id) VALUES ('ROLE_ADMIN', 'PERM_DEPT_LIST', NULL);
INSERT INTO role_permissions (role_id, permission_id, tenant_id) VALUES ('ROLE_ADMIN', 'PERM_DEPT_CREATE', NULL);
INSERT INTO role_permissions (role_id, permission_id, tenant_id) VALUES ('ROLE_ADMIN', 'PERM_DEPT_UPDATE', NULL);
INSERT INTO role_permissions (role_id, permission_id, tenant_id) VALUES ('ROLE_ADMIN', 'PERM_DEPT_DELETE', NULL);
INSERT INTO role_permissions (role_id, permission_id, tenant_id) VALUES ('ROLE_ADMIN', 'PERM_MENU_LIST', NULL);
INSERT INTO role_permissions (role_id, permission_id, tenant_id) VALUES ('ROLE_ADMIN', 'PERM_MENU_CREATE', NULL);
INSERT INTO role_permissions (role_id, permission_id, tenant_id) VALUES ('ROLE_ADMIN', 'PERM_MENU_UPDATE', NULL);
INSERT INTO role_permissions (role_id, permission_id, tenant_id) VALUES ('ROLE_ADMIN', 'PERM_MENU_DELETE', NULL);
INSERT INTO role_permissions (role_id, permission_id, tenant_id) VALUES ('ROLE_ADMIN', 'PERM_AUDIT_LIST', NULL);
INSERT INTO role_permissions (role_id, permission_id, tenant_id) VALUES ('ROLE_ADMIN', 'PERM_ROLE_LIST', NULL);
INSERT INTO role_permissions (role_id, permission_id, tenant_id) VALUES ('ROLE_ADMIN', 'PERM_ROLE_UPDATE', NULL);
INSERT INTO role_permissions (role_id, permission_id, tenant_id) VALUES ('ROLE_ADMIN', 'PERM_SYS_SETTINGS_VIEW', NULL);
INSERT INTO role_permissions (role_id, permission_id, tenant_id) VALUES ('ROLE_ADMIN', 'PERM_SYS_SETTINGS_MANAGE', NULL);
INSERT INTO role_permissions (role_id, permission_id, tenant_id) VALUES ('ROLE_ADMIN', 'PERM_ANNOUNCEMENT_VIEW', NULL);
INSERT INTO role_permissions (role_id, permission_id, tenant_id) VALUES ('ROLE_ADMIN', 'PERM_ANNOUNCEMENT_MANAGE', NULL);
INSERT INTO role_permissions (role_id, permission_id, tenant_id) VALUES ('ROLE_ADMIN', 'PERM_ROLE_CREATE', NULL);
INSERT INTO role_permissions (role_id, permission_id, tenant_id) VALUES ('ROLE_ADMIN', 'PERM_ROLE_ASSIGN_PERM', NULL);
INSERT INTO role_permissions (role_id, permission_id, tenant_id) VALUES ('ROLE_ADMIN', 'PERM_USER_DELETE', NULL);
INSERT INTO role_permissions (role_id, permission_id, tenant_id) VALUES ('ROLE_ADMIN', 'PERM_PWD_POLICY_TENANT_VIEW', NULL);
INSERT INTO role_permissions (role_id, permission_id, tenant_id) VALUES ('ROLE_ADMIN', 'PERM_PWD_POLICY_TENANT_MANAGE', NULL);
INSERT INTO role_permissions (role_id, permission_id, tenant_id) VALUES ('ROLE_ADMIN', 'PERM_PWD_POLICY_PLATFORM_VIEW', NULL);
INSERT INTO role_permissions (role_id, permission_id, tenant_id) VALUES ('ROLE_ADMIN', 'PERM_PWD_POLICY_PLATFORM_MANAGE', NULL);
INSERT INTO role_permissions (role_id, permission_id, tenant_id) VALUES ('ROLE_ADMIN', 'PERM_PASSWORD_POLICY_MANAGE', NULL);
INSERT INTO role_permissions (role_id, permission_id, tenant_id) VALUES ('ROLE_SUPER_ADMIN', 'PERM_PWD_POLICY_PLATFORM_VIEW', NULL);
INSERT INTO role_permissions (role_id, permission_id, tenant_id) VALUES ('ROLE_SUPER_ADMIN', 'PERM_PWD_POLICY_PLATFORM_MANAGE', NULL);
INSERT INTO role_permissions (role_id, permission_id, tenant_id) VALUES ('ROLE_PROPERTY_MANAGER', 'PERM_USER_LIST', NULL);
INSERT INTO role_permissions (role_id, permission_id, tenant_id) VALUES ('ROLE_PROPERTY_MANAGER', 'PERM_DEPT_LIST', NULL);
INSERT INTO role_permissions (role_id, permission_id, tenant_id) VALUES ('ROLE_PROPERTY_MANAGER', 'PERM_AUDIT_LIST', NULL);
INSERT INTO role_permissions (role_id, permission_id, tenant_id) VALUES ('ROLE_DEPT_ADMIN', 'PERM_ASSET_TRANSFER_VIEW', NULL);
INSERT INTO role_permissions (role_id, permission_id, tenant_id) VALUES ('ROLE_DEPT_ADMIN', 'PERM_ASSET_TRANSFER_CREATE', NULL);
INSERT INTO role_permissions (role_id, permission_id, tenant_id) VALUES ('ROLE_DEPT_ADMIN', 'PERM_ASSET_TRANSFER_APPROVE', NULL);
INSERT INTO role_permissions (role_id, permission_id, tenant_id) VALUES ('ROLE_PROPERTY_MANAGER', 'PERM_ASSET_TRANSFER_VIEW', NULL);
INSERT INTO role_permissions (role_id, permission_id, tenant_id) VALUES ('ROLE_PROPERTY_MANAGER', 'PERM_ASSET_TRANSFER_APPROVE', NULL);
INSERT INTO role_permissions (role_id, permission_id, tenant_id) VALUES ('ROLE_ADMIN', 'PERM_ROLE_ASSIGN_PERM', NULL);
INSERT INTO role_permissions (role_id, permission_id, tenant_id) VALUES ('ROLE_ADMIN', 'PERM_ASSET_TRANSFER_VIEW', NULL);
INSERT INTO role_permissions (role_id, permission_id, tenant_id) VALUES ('ROLE_ADMIN', 'PERM_ASSET_TRANSFER_CREATE', NULL);
INSERT INTO role_permissions (role_id, permission_id, tenant_id) VALUES ('ROLE_ADMIN', 'PERM_ASSET_TRANSFER_APPROVE', NULL);
INSERT INTO role_permissions (role_id, permission_id, tenant_id) VALUES ('ROLE_DEPT_USER', 'PERM_ASSET_TRANSFER_VIEW', NULL);
INSERT INTO role_permissions (role_id, permission_id, tenant_id) VALUES ('ROLE_DEPT_USER', 'PERM_ASSET_TRANSFER_CREATE', NULL);
INSERT INTO role_permissions (role_id, permission_id, tenant_id) VALUES ('ROLE_DEPT_USER', 'PERM_AUDIT_LIST', NULL);
INSERT INTO role_permissions (role_id, permission_id, tenant_id) VALUES ('ROLE_DEPT_USER', 'PERM_WORKFLOW_DELEGATE_MANAGE', NULL);
INSERT INTO role_permissions (role_id, permission_id, tenant_id) VALUES ('ROLE_DEPT_ADMIN', 'PERM_WORKFLOW_DELEGATE_MANAGE', NULL);
INSERT INTO role_permissions (role_id, permission_id, tenant_id) VALUES ('ROLE_PROPERTY_MANAGER', 'PERM_WORKFLOW_DELEGATE_MANAGE', NULL);
INSERT INTO role_permissions (role_id, permission_id, tenant_id) VALUES ('ROLE_DEPT_ADMIN', 'PERM_ROLE_LIST', NULL);
INSERT INTO role_permissions (role_id, permission_id, tenant_id) VALUES ('ROLE_DEPT_USER', 'PERM_ASSET_TRANSFER_APPROVE', NULL);
INSERT INTO role_permissions (role_id, permission_id, tenant_id) VALUES ('ROLE_ADMIN', 'PERM_DEVICE_DELETE', NULL);
INSERT INTO role_permissions (role_id, permission_id, tenant_id) VALUES ('ROLE_ADMIN', 'PERM_DEVICE_TEMPLATE_MANAGE', NULL);
INSERT INTO role_permissions (role_id, permission_id, tenant_id) VALUES ('ROLE_ADMIN', 'PERM_WORK_ORDER_VIEW', NULL);
INSERT INTO role_permissions (role_id, permission_id, tenant_id) VALUES ('ROLE_ADMIN', 'PERM_WORK_ORDER_MANAGE', NULL);
INSERT INTO role_permissions (role_id, permission_id, tenant_id) VALUES ('ROLE_ADMIN', 'PERM_CIRCUIT_VIEW', NULL);
INSERT INTO role_permissions (role_id, permission_id, tenant_id) VALUES ('ROLE_ADMIN', 'PERM_CIRCUIT_MANAGE', NULL);
INSERT INTO role_permissions (role_id, permission_id, tenant_id) VALUES ('ROLE_ADMIN', 'PERM_CONTRACT_VIEW', NULL);
INSERT INTO role_permissions (role_id, permission_id, tenant_id) VALUES ('ROLE_ADMIN', 'PERM_CONTRACT_MANAGE', NULL);
INSERT INTO role_permissions (role_id, permission_id, tenant_id) VALUES ('ROLE_DEPT_ADMIN', 'PERM_DEVICE_DELETE', NULL);
INSERT INTO role_permissions (role_id, permission_id, tenant_id) VALUES ('ROLE_DEPT_ADMIN', 'PERM_WORK_ORDER_VIEW', NULL);
INSERT INTO role_permissions (role_id, permission_id, tenant_id) VALUES ('ROLE_DEPT_ADMIN', 'PERM_WORK_ORDER_MANAGE', NULL);
INSERT INTO role_permissions (role_id, permission_id, tenant_id) VALUES ('ROLE_DEPT_ADMIN', 'PERM_CIRCUIT_VIEW', NULL);
INSERT INTO role_permissions (role_id, permission_id, tenant_id) VALUES ('ROLE_DEPT_ADMIN', 'PERM_CIRCUIT_MANAGE', NULL);
INSERT INTO role_permissions (role_id, permission_id, tenant_id) VALUES ('ROLE_DEPT_ADMIN', 'PERM_CONTRACT_VIEW', NULL);
INSERT INTO role_permissions (role_id, permission_id, tenant_id) VALUES ('ROLE_DEPT_ADMIN', 'PERM_CONTRACT_MANAGE', NULL);
INSERT INTO role_permissions (role_id, permission_id, tenant_id) VALUES ('ROLE_DEPT_USER', 'PERM_WORK_ORDER_VIEW', NULL);
INSERT INTO role_permissions (role_id, permission_id, tenant_id) VALUES ('ROLE_DEPT_USER', 'PERM_WORK_ORDER_MANAGE', NULL);
INSERT INTO role_permissions (role_id, permission_id, tenant_id) VALUES ('ROLE_ADMIN', 'PERM_DEVICE_DELETE', NULL);
INSERT INTO role_permissions (role_id, permission_id, tenant_id) VALUES ('ROLE_ADMIN', 'PERM_DEVICE_TEMPLATE_MANAGE', NULL);
INSERT INTO role_permissions (role_id, permission_id, tenant_id) VALUES ('ROLE_ADMIN', 'PERM_WORK_ORDER_VIEW', NULL);
INSERT INTO role_permissions (role_id, permission_id, tenant_id) VALUES ('ROLE_ADMIN', 'PERM_WORK_ORDER_MANAGE', NULL);
INSERT INTO role_permissions (role_id, permission_id, tenant_id) VALUES ('ROLE_ADMIN', 'PERM_CIRCUIT_VIEW', NULL);
INSERT INTO role_permissions (role_id, permission_id, tenant_id) VALUES ('ROLE_ADMIN', 'PERM_CIRCUIT_MANAGE', NULL);
INSERT INTO role_permissions (role_id, permission_id, tenant_id) VALUES ('ROLE_ADMIN', 'PERM_CONTRACT_VIEW', NULL);
INSERT INTO role_permissions (role_id, permission_id, tenant_id) VALUES ('ROLE_ADMIN', 'PERM_CONTRACT_MANAGE', NULL);
INSERT INTO role_permissions (role_id, permission_id, tenant_id) VALUES ('ROLE_DEPT_ADMIN', 'PERM_DEVICE_DELETE', NULL);
INSERT INTO role_permissions (role_id, permission_id, tenant_id) VALUES ('ROLE_DEPT_ADMIN', 'PERM_WORK_ORDER_VIEW', NULL);
INSERT INTO role_permissions (role_id, permission_id, tenant_id) VALUES ('ROLE_DEPT_ADMIN', 'PERM_WORK_ORDER_MANAGE', NULL);
INSERT INTO role_permissions (role_id, permission_id, tenant_id) VALUES ('ROLE_DEPT_ADMIN', 'PERM_CIRCUIT_VIEW', NULL);
INSERT INTO role_permissions (role_id, permission_id, tenant_id) VALUES ('ROLE_DEPT_ADMIN', 'PERM_CIRCUIT_MANAGE', NULL);
INSERT INTO role_permissions (role_id, permission_id, tenant_id) VALUES ('ROLE_DEPT_ADMIN', 'PERM_CONTRACT_VIEW', NULL);
INSERT INTO role_permissions (role_id, permission_id, tenant_id) VALUES ('ROLE_DEPT_ADMIN', 'PERM_CONTRACT_MANAGE', NULL);
INSERT INTO role_permissions (role_id, permission_id, tenant_id) VALUES ('ROLE_DEPT_USER', 'PERM_WORK_ORDER_VIEW', NULL);
INSERT INTO role_permissions (role_id, permission_id, tenant_id) VALUES ('ROLE_DEPT_USER', 'PERM_WORK_ORDER_MANAGE', NULL);
INSERT INTO role_permissions (role_id, permission_id, tenant_id) VALUES ('ROLE_ADMIN', 'PREM_DEVICE_MANAGE', NULL);
INSERT INTO role_permissions (role_id, permission_id, tenant_id) VALUES ('ROLE_OPERATOR', 'PERM_USER_LIST', NULL);
INSERT INTO role_permissions (role_id, permission_id, tenant_id) VALUES ('ROLE_OPERATOR', 'PERM_WORK_ORDER_MANAGE', NULL);
INSERT INTO role_permissions (role_id, permission_id, tenant_id) VALUES ('ROLE_OPERATOR', 'PERM_WORK_ORDER_VIEW', NULL);
INSERT INTO role_permissions (role_id, permission_id, tenant_id) VALUES ('ROLE_OPERATOR', 'PERM_WORK_ORDER_APPROVE', NULL);
INSERT INTO role_permissions (role_id, permission_id, tenant_id) VALUES ('ROLE_DEPT_ADMIN', 'PERM_ROLE_LIST', NULL);
INSERT INTO role_permissions (role_id, permission_id, tenant_id) VALUES ('ROLE_ADMIN', 'PREM_DEVICE_VIEW', NULL);

-- menus (global)
INSERT INTO menus (menu_id, parent_id, name, menu_type, route_name, route_path, component, permission_code, icon, sort_order, visible, keep_alive, redirect, create_time, update_time, scope) OVERRIDING SYSTEM VALUE VALUES (32, 10, '系統設定', 'PAGE', 'SystemSettings', '/admin/system/settings', 'views/admin/setting/SystemSettingsView.vue', 'SYSTEM_SETTINGS_VIEW', 'Setting', 40, true, false, NULL, '2026-06-15 09:54:42.285622', NULL, 'TENANT');
INSERT INTO menus (menu_id, parent_id, name, menu_type, route_name, route_path, component, permission_code, icon, sort_order, visible, keep_alive, redirect, create_time, update_time, scope) OVERRIDING SYSTEM VALUE VALUES (130, NULL, '派工管理', 'DIRECTORY', NULL, '/dispatch', NULL, NULL, 'ClipboardList', 46, true, false, NULL, '2026-06-25 13:10:39.158751', NULL, 'TENANT');
INSERT INTO menus (menu_id, parent_id, name, menu_type, route_name, route_path, component, permission_code, icon, sort_order, visible, keep_alive, redirect, create_time, update_time, scope) OVERRIDING SYSTEM VALUE VALUES (131, 130, '所有工單', 'PAGE', 'DispatchAll', '/dispatch/all', 'views/admin/device/AllWorkOrdersView.vue', 'WORK_ORDER_VIEW', 'List', 10, true, false, NULL, '2026-06-25 13:10:39.158751', NULL, 'TENANT');
INSERT INTO menus (menu_id, parent_id, name, menu_type, route_name, route_path, component, permission_code, icon, sort_order, visible, keep_alive, redirect, create_time, update_time, scope) OVERRIDING SYSTEM VALUE VALUES (1, NULL, '用戶管理', 'DIRECTORY', NULL, '/admin/users', NULL, NULL, 'user', 10, true, false, NULL, '2026-06-15 09:54:41.653214', NULL, 'TENANT');
INSERT INTO menus (menu_id, parent_id, name, menu_type, route_name, route_path, component, permission_code, icon, sort_order, visible, keep_alive, redirect, create_time, update_time, scope) OVERRIDING SYSTEM VALUE VALUES (132, 130, '待審核', 'PAGE', 'DispatchApproval', '/dispatch/pending-approval', 'views/admin/device/PendingApprovalView.vue', 'WORK_ORDER_APPROVE', 'Check', 20, true, false, NULL, '2026-06-25 13:10:39.158751', NULL, 'TENANT');
INSERT INTO menus (menu_id, parent_id, name, menu_type, route_name, route_path, component, permission_code, icon, sort_order, visible, keep_alive, redirect, create_time, update_time, scope) OVERRIDING SYSTEM VALUE VALUES (133, 130, '施工任務', 'PAGE', 'DispatchMyTasks', '/dispatch/my-tasks', 'views/admin/device/MyTasksView.vue', 'WORK_ORDER_VIEW', 'Tools', 30, true, false, NULL, '2026-06-25 13:10:39.158751', NULL, 'TENANT');
INSERT INTO menus (menu_id, parent_id, name, menu_type, route_name, route_path, component, permission_code, icon, sort_order, visible, keep_alive, redirect, create_time, update_time, scope) OVERRIDING SYSTEM VALUE VALUES (134, 130, '待驗證', 'PAGE', 'DispatchReview', '/dispatch/pending-review', 'views/admin/device/PendingReviewView.vue', 'WORK_ORDER_APPROVE', 'Select', 40, true, false, NULL, '2026-06-25 13:10:39.158751', NULL, 'TENANT');
INSERT INTO menus (menu_id, parent_id, name, menu_type, route_name, route_path, component, permission_code, icon, sort_order, visible, keep_alive, redirect, create_time, update_time, scope) OVERRIDING SYSTEM VALUE VALUES (33, 10, '公告管理', 'PAGE', 'AnnouncementManagement', '/admin/system/announcements', 'views/admin/announcement/AnnouncementManagementView.vue', 'ANNOUNCEMENT_VIEW', 'megaphone', 50, true, false, NULL, '2026-06-15 09:54:42.314418', NULL, 'TENANT');
INSERT INTO menus (menu_id, parent_id, name, menu_type, route_name, route_path, component, permission_code, icon, sort_order, visible, keep_alive, redirect, create_time, update_time, scope) OVERRIDING SYSTEM VALUE VALUES (2, 1, '用戶列表', 'PAGE', 'UserList', '/admin/users', 'views/admin/user/UserListView.vue', 'USER_LIST', 'users', 11, true, false, NULL, '2026-06-15 09:54:41.653214', NULL, 'TENANT');
INSERT INTO menus (menu_id, parent_id, name, menu_type, route_name, route_path, component, permission_code, icon, sort_order, visible, keep_alive, redirect, create_time, update_time, scope) OVERRIDING SYSTEM VALUE VALUES (35, 10, '密碼策略', 'PAGE', 'TenantPasswordPolicy', '/admin/security/password-policy', 'views/admin/setting/TenantPasswordPolicyView.vue', 'PASSWORD_POLICY_TENANT_VIEW', 'Lock', 50, true, false, NULL, '2026-06-15 09:54:42.900026', NULL, 'TENANT');
INSERT INTO menus (menu_id, parent_id, name, menu_type, route_name, route_path, component, permission_code, icon, sort_order, visible, keep_alive, redirect, create_time, update_time, scope) OVERRIDING SYSTEM VALUE VALUES (103, 102, '選單管理', 'PAGE', 'PlatformMenuManage', '/platform/menus', 'views/admin/menu/MenuManageView.vue', 'MENU_LIST', 'Menu', 10, true, false, NULL, '2026-06-15 09:54:43.319132', NULL, 'PLATFORM');
INSERT INTO menus (menu_id, parent_id, name, menu_type, route_name, route_path, component, permission_code, icon, sort_order, visible, keep_alive, redirect, create_time, update_time, scope) OVERRIDING SYSTEM VALUE VALUES (104, 102, '系統設定', 'PAGE', 'PlatformSystemSettings', '/platform/system-settings', 'views/admin/setting/SystemSettingsView.vue', 'SYSTEM_SETTINGS_VIEW', 'Setting', 20, true, false, NULL, '2026-06-15 09:54:43.319132', NULL, 'PLATFORM');
INSERT INTO menus (menu_id, parent_id, name, menu_type, route_name, route_path, component, permission_code, icon, sort_order, visible, keep_alive, redirect, create_time, update_time, scope) OVERRIDING SYSTEM VALUE VALUES (100, NULL, '場域管理', 'DIRECTORY', NULL, '/platform', NULL, NULL, 'building', 10, true, false, NULL, '2026-06-15 09:54:43.152259', NULL, 'PLATFORM');
INSERT INTO menus (menu_id, parent_id, name, menu_type, route_name, route_path, component, permission_code, icon, sort_order, visible, keep_alive, redirect, create_time, update_time, scope) OVERRIDING SYSTEM VALUE VALUES (101, 100, '場域管理', 'PAGE', 'PlatformTenantManage', '/platform/tenants', 'views/admin/tenant/TenantManageView.vue', 'PLATFORM_TENANT_MANAGE', 'OfficeBuilding', 10, true, false, NULL, '2026-06-15 09:54:43.152259', NULL, 'PLATFORM');
INSERT INTO menus (menu_id, parent_id, name, menu_type, route_name, route_path, component, permission_code, icon, sort_order, visible, keep_alive, redirect, create_time, update_time, scope) OVERRIDING SYSTEM VALUE VALUES (102, NULL, '系統管理', 'DIRECTORY', NULL, '/platform/system', NULL, NULL, 'Setting', 20, true, false, NULL, '2026-06-15 09:54:43.319132', NULL, 'PLATFORM');
INSERT INTO menus (menu_id, parent_id, name, menu_type, route_name, route_path, component, permission_code, icon, sort_order, visible, keep_alive, redirect, create_time, update_time, scope) OVERRIDING SYSTEM VALUE VALUES (37, 100, '認證方式設定', 'PAGE', 'TenantAuthConfig', '/platform/auth-config', 'views/admin/setting/TenantAuthConfigView.vue', 'PLATFORM_TENANT_MANAGE', 'ShieldCheck', 70, false, false, NULL, '2026-06-15 09:54:42.989057', NULL, 'PLATFORM');
INSERT INTO menus (menu_id, parent_id, name, menu_type, route_name, route_path, component, permission_code, icon, sort_order, visible, keep_alive, redirect, create_time, update_time, scope) OVERRIDING SYSTEM VALUE VALUES (34, NULL, '公告欄', 'PAGE', 'Announcements', '/announcements', 'views/announcement/AnnouncementListView.vue', NULL, 'bell', 90, true, false, NULL, '2026-06-15 09:54:42.314418', NULL, 'PUBLIC');
INSERT INTO menus (menu_id, parent_id, name, menu_type, route_name, route_path, component, permission_code, icon, sort_order, visible, keep_alive, redirect, create_time, update_time, scope) OVERRIDING SYSTEM VALUE VALUES (105, 102, '公告管理', 'PAGE', 'PlatformAnnouncementManage', '/platform/announcements', 'views/platform/PlatformAnnouncementManageView.vue', 'PLATFORM_ANNOUNCEMENT_MANAGE', 'ChatDotRound', 30, true, false, NULL, '2026-06-15 09:54:43.358647', NULL, 'PLATFORM');
INSERT INTO menus (menu_id, parent_id, name, menu_type, route_name, route_path, component, permission_code, icon, sort_order, visible, keep_alive, redirect, create_time, update_time, scope) OVERRIDING SYSTEM VALUE VALUES (3, 1, '新增用戶', 'PAGE', 'CreateUser', '/admin/users/create', 'views/admin/user/CreateUserView.vue', 'USER_CREATE', 'userplus', 12, true, false, NULL, '2026-06-15 09:54:41.653214', NULL, 'TENANT');
INSERT INTO menus (menu_id, parent_id, name, menu_type, route_name, route_path, component, permission_code, icon, sort_order, visible, keep_alive, redirect, create_time, update_time, scope) OVERRIDING SYSTEM VALUE VALUES (106, 102, '密碼策略', 'PAGE', 'PlatformPasswordPolicy', '/platform/password-policy', 'views/admin/setting/PlatformPasswordPolicyView.vue', 'PASSWORD_POLICY_PLATFORM_VIEW', 'Lock', 15, true, false, NULL, '2026-06-15 09:54:43.442463', NULL, 'PLATFORM');
INSERT INTO menus (menu_id, parent_id, name, menu_type, route_name, route_path, component, permission_code, icon, sort_order, visible, keep_alive, redirect, create_time, update_time, scope) OVERRIDING SYSTEM VALUE VALUES (110, NULL, '資產異動', 'DIRECTORY', NULL, '/asset-transfer', NULL, NULL, 'ArrowLeftRight', 50, true, false, NULL, '2026-06-15 09:54:43.590958', NULL, 'TENANT');
INSERT INTO menus (menu_id, parent_id, name, menu_type, route_name, route_path, component, permission_code, icon, sort_order, visible, keep_alive, redirect, create_time, update_time, scope) OVERRIDING SYSTEM VALUE VALUES (111, 110, '新增申請', 'PAGE', 'AssetTransferCreate', '/asset-transfer/create', 'views/assetTransfer/AssetTransferCreateView.vue', 'ASSET_TRANSFER_CREATE', 'FilePlus', 10, true, false, NULL, '2026-06-15 09:54:43.590958', NULL, 'TENANT');
INSERT INTO menus (menu_id, parent_id, name, menu_type, route_name, route_path, component, permission_code, icon, sort_order, visible, keep_alive, redirect, create_time, update_time, scope) OVERRIDING SYSTEM VALUE VALUES (112, 110, '待審案件', 'PAGE', 'AssetTransferPending', '/asset-transfer/pending', 'views/assetTransfer/AssetTransferPendingView.vue', 'ASSET_TRANSFER_APPROVE', 'ClipboardCheck', 20, true, false, NULL, '2026-06-15 09:54:43.590958', NULL, 'TENANT');
INSERT INTO menus (menu_id, parent_id, name, menu_type, route_name, route_path, component, permission_code, icon, sort_order, visible, keep_alive, redirect, create_time, update_time, scope) OVERRIDING SYSTEM VALUE VALUES (113, 110, '我的申請', 'PAGE', 'AssetTransferMy', '/asset-transfer/my', 'views/assetTransfer/AssetTransferPendingView.vue', 'ASSET_TRANSFER_VIEW', 'FileText', 30, true, false, NULL, '2026-06-15 09:54:43.590958', NULL, 'TENANT');
INSERT INTO menus (menu_id, parent_id, name, menu_type, route_name, route_path, component, permission_code, icon, sort_order, visible, keep_alive, redirect, create_time, update_time, scope) OVERRIDING SYSTEM VALUE VALUES (114, NULL, '代理人管理', 'DIRECTORY', NULL, '/workflow-delegate', NULL, NULL, 'UserCheck', 60, true, false, NULL, '2026-06-16 10:07:21.681959', NULL, 'TENANT');
INSERT INTO menus (menu_id, parent_id, name, menu_type, route_name, route_path, component, permission_code, icon, sort_order, visible, keep_alive, redirect, create_time, update_time, scope) OVERRIDING SYSTEM VALUE VALUES (115, 114, '指派代理', 'PAGE', 'WorkflowDelegateAssign', '/workflow-delegate/assign', 'views/workflowDelegate/WorkflowDelegateView.vue', 'WORKFLOW_DELEGATE_MANAGE', 'UserPlus', 10, true, false, NULL, '2026-06-16 10:07:21.681959', NULL, 'TENANT');
INSERT INTO menus (menu_id, parent_id, name, menu_type, route_name, route_path, component, permission_code, icon, sort_order, visible, keep_alive, redirect, create_time, update_time, scope) OVERRIDING SYSTEM VALUE VALUES (120, NULL, '設備管理', 'DIRECTORY', NULL, '/device', NULL, NULL, 'Monitor', 45, true, false, NULL, '2026-06-23 15:40:05.709915', NULL, 'TENANT');
INSERT INTO menus (menu_id, parent_id, name, menu_type, route_name, route_path, component, permission_code, icon, sort_order, visible, keep_alive, redirect, create_time, update_time, scope) OVERRIDING SYSTEM VALUE VALUES (121, 120, '設備列表', 'PAGE', 'DeviceList', '/device/list', 'views/admin/device/DeviceListView.vue', 'DEVICE_VIEW', 'Cpu', 10, true, false, NULL, '2026-06-23 15:40:05.709915', NULL, 'TENANT');
INSERT INTO menus (menu_id, parent_id, name, menu_type, route_name, route_path, component, permission_code, icon, sort_order, visible, keep_alive, redirect, create_time, update_time, scope) OVERRIDING SYSTEM VALUE VALUES (122, 120, '設備模板', 'PAGE', 'DeviceTemplate', '/device/templates', 'views/admin/device/DeviceTemplateView.vue', 'DEVICE_TEMPLATE_MANAGE', 'FileJson', 20, true, false, NULL, '2026-06-23 15:40:05.709915', NULL, 'TENANT');
INSERT INTO menus (menu_id, parent_id, name, menu_type, route_name, route_path, component, permission_code, icon, sort_order, visible, keep_alive, redirect, create_time, update_time, scope) OVERRIDING SYSTEM VALUE VALUES (123, 120, '工單管理', 'PAGE', 'WorkOrderList', '/device/work-orders', 'views/admin/device/WorkOrderListView.vue', 'WORK_ORDER_VIEW', 'ClipboardList', 30, true, false, NULL, '2026-06-23 15:40:05.709915', NULL, 'TENANT');
INSERT INTO menus (menu_id, parent_id, name, menu_type, route_name, route_path, component, permission_code, icon, sort_order, visible, keep_alive, redirect, create_time, update_time, scope) OVERRIDING SYSTEM VALUE VALUES (124, 120, '電力迴路', 'PAGE', 'CircuitList', '/device/circuits', 'views/admin/device/CircuitListView.vue', 'CIRCUIT_VIEW', 'Zap', 40, true, false, NULL, '2026-06-23 15:40:05.709915', NULL, 'TENANT');
INSERT INTO menus (menu_id, parent_id, name, menu_type, route_name, route_path, component, permission_code, icon, sort_order, visible, keep_alive, redirect, create_time, update_time, scope) OVERRIDING SYSTEM VALUE VALUES (125, 120, '標案契約', 'PAGE', 'ContractList', '/device/contracts', 'views/admin/device/ContractListView.vue', 'CONTRACT_VIEW', 'FileText', 50, true, false, NULL, '2026-06-23 15:40:05.709915', NULL, 'TENANT');
INSERT INTO menus (menu_id, parent_id, name, menu_type, route_name, route_path, component, permission_code, icon, sort_order, visible, keep_alive, redirect, create_time, update_time, scope) OVERRIDING SYSTEM VALUE VALUES (10, NULL, '系統管理', 'DIRECTORY', NULL, '/admin/system', NULL, NULL, 'setting', 20, true, false, NULL, '2026-06-15 09:54:41.653214', NULL, 'TENANT');
INSERT INTO menus (menu_id, parent_id, name, menu_type, route_name, route_path, component, permission_code, icon, sort_order, visible, keep_alive, redirect, create_time, update_time, scope) OVERRIDING SYSTEM VALUE VALUES (20, NULL, '稽核中心', 'DIRECTORY', NULL, '/admin/audit', NULL, NULL, 'audit', 30, true, false, NULL, '2026-06-15 09:54:41.653214', NULL, 'TENANT');
INSERT INTO menus (menu_id, parent_id, name, menu_type, route_name, route_path, component, permission_code, icon, sort_order, visible, keep_alive, redirect, create_time, update_time, scope) OVERRIDING SYSTEM VALUE VALUES (12, 10, '部門管理', 'PAGE', 'DeptManage', '/admin/system/depts', 'views/admin/dept/DeptManageView.vue', 'DEPT_LIST', 'building', 22, true, false, NULL, '2026-06-15 09:54:41.653214', NULL, 'TENANT');
INSERT INTO menus (menu_id, parent_id, name, menu_type, route_name, route_path, component, permission_code, icon, sort_order, visible, keep_alive, redirect, create_time, update_time, scope) OVERRIDING SYSTEM VALUE VALUES (13, 10, '角色管理', 'PAGE', 'RolePermission', '/admin/system/roles', 'views/admin/role/RolePermissionView.vue', 'ROLE_LIST', 'shield', 23, true, false, NULL, '2026-06-15 09:54:42.110574', NULL, 'TENANT');
INSERT INTO menus (menu_id, parent_id, name, menu_type, route_name, route_path, component, permission_code, icon, sort_order, visible, keep_alive, redirect, create_time, update_time, scope) OVERRIDING SYSTEM VALUE VALUES (21, 20, '操作紀錄', 'PAGE', 'AuditHistory', '/admin/audit/history', 'views/admin/audit/AuditHistoryView.vue', 'AUDIT_LIST', 'scrolltext', 31, true, false, NULL, '2026-06-15 09:54:41.653214', NULL, 'TENANT');
INSERT INTO menus (menu_id, parent_id, name, menu_type, route_name, route_path, component, permission_code, icon, sort_order, visible, keep_alive, redirect, create_time, update_time, scope) OVERRIDING SYSTEM VALUE VALUES (11, 10, '選單管理', 'PAGE', 'MenuManage', '/admin/system/menus', 'views/admin/menu/MenuManageView.vue', 'MENU_LIST', 'layoutlist', 21, true, false, NULL, '2026-06-15 09:54:41.653214', NULL, 'TENANT');

-- device_templates (TENANT_DEFAULT)
INSERT INTO device_templates (tenant_id, device_type, schema, version, created_by, created_at, updated_at, id) VALUES ('TENANT_DEFAULT', 'STREET_LIGHT', '{}', 1, 'system', '2026-06-25 08:59:57.777267', '2026-06-25 08:59:57.777267', 2);
INSERT INTO device_templates (tenant_id, device_type, schema, version, created_by, created_at, updated_at, id) VALUES ('TENANT_DEFAULT', 'LUMINAIRE', '{}', 1, 'system', '2026-06-25 08:59:57.777267', '2026-06-25 08:59:57.777267', 3);
INSERT INTO device_templates (tenant_id, device_type, schema, version, created_by, created_at, updated_at, id) VALUES ('TENANT_DEFAULT', 'PANEL_BOX', '{}', 1, 'system', '2026-06-25 08:59:57.777267', '2026-06-25 08:59:57.777267', 4);
INSERT INTO device_templates (tenant_id, device_type, schema, version, created_by, created_at, updated_at, id) VALUES ('TENANT_DEFAULT', 'CONTROLLER', '{}', 1, 'system', '2026-06-25 08:59:57.777267', '2026-06-25 08:59:57.777267', 5);
INSERT INTO device_templates (tenant_id, device_type, schema, version, created_by, created_at, updated_at, id) VALUES ('TENANT_DEFAULT', 'POWER_EQUIPMENT', '{}', 1, 'system', '2026-06-25 08:59:57.777267', '2026-06-25 08:59:57.777267', 6);
INSERT INTO device_templates (tenant_id, device_type, schema, version, created_by, created_at, updated_at, id) VALUES ('TENANT_DEFAULT', 'ATTACHMENT', '{}', 1, 'system', '2026-06-25 08:59:57.777267', '2026-06-25 08:59:57.777267', 7);

-- workflow_definitions (DEFAULT)
INSERT INTO workflow_definitions (id, code, version, name, steps_json, enabled, created_at, updated_at, tenant_id) VALUES (1, 'asset_transfer', 1, '資產異動審核', '{"steps": [{"id": "step_applicant", "name": "申請人送審", "next": "step_manager", "type": "normal", "role_code": "ROLE_DEPT_USER", "reject_target": null}, {"id": "step_manager", "name": "部門主管審核", "next": "step_property", "type": "normal", "role_code": "ROLE_DEPT_ADMIN", "reject_target": "step_applicant"}, {"id": "step_property", "name": "財產管理審核", "next": "step_end", "type": "normal", "role_code": "ROLE_PROPERTY_MANAGER", "reject_target": "step_manager"}, {"id": "step_end", "name": "結案", "next": null, "type": "end", "role_code": null, "reject_target": null}], "initial_step": "step_applicant"}', true, '2026-06-15 09:54:43.465289', '2026-06-25 20:03:48.076776', 'DEFAULT');

-- system_settings (__PLATFORM__ + DEFAULT)
INSERT INTO system_settings (id, tenant_id, setting_key, setting_value, description, created_at, updated_at, version) VALUES (1, 'DEFAULT', 'idle_timeout_minutes', '15', '使用者閒置自動登出時間（分鐘）', '2026-06-15 09:54:42.285622', '2026-06-15 09:54:42.285622', 0);
INSERT INTO system_settings (id, tenant_id, setting_key, setting_value, description, created_at, updated_at, version) VALUES (4, '__PLATFORM__', 'password.min_length', '8', '平台預設：密碼最小長度（下限 8）', '2026-06-15 09:54:42.796561', '2026-06-15 09:54:42.796561', 0);
INSERT INTO system_settings (id, tenant_id, setting_key, setting_value, description, created_at, updated_at, version) VALUES (5, '__PLATFORM__', 'password.require_uppercase', 'true', '平台預設：必須包含大寫英文字母', '2026-06-15 09:54:42.796561', '2026-06-15 09:54:42.796561', 0);
INSERT INTO system_settings (id, tenant_id, setting_key, setting_value, description, created_at, updated_at, version) VALUES (6, '__PLATFORM__', 'password.require_lowercase', 'true', '平台預設：必須包含小寫英文字母', '2026-06-15 09:54:42.796561', '2026-06-15 09:54:42.796561', 0);
INSERT INTO system_settings (id, tenant_id, setting_key, setting_value, description, created_at, updated_at, version) VALUES (7, '__PLATFORM__', 'password.require_digit', 'true', '平台預設：必須包含數字', '2026-06-15 09:54:42.796561', '2026-06-15 09:54:42.796561', 0);
INSERT INTO system_settings (id, tenant_id, setting_key, setting_value, description, created_at, updated_at, version) VALUES (8, '__PLATFORM__', 'password.require_special', 'true', '平台預設：必須包含特殊字元', '2026-06-15 09:54:42.796561', '2026-06-15 09:54:42.796561', 0);
INSERT INTO system_settings (id, tenant_id, setting_key, setting_value, description, created_at, updated_at, version) VALUES (9, '__PLATFORM__', 'password.history_count', '5', '平台預設：不可重複前 N 次密碼', '2026-06-15 09:54:42.796561', '2026-06-15 09:54:42.796561', 0);
INSERT INTO system_settings (id, tenant_id, setting_key, setting_value, description, created_at, updated_at, version) VALUES (10, '__PLATFORM__', 'password.expire_days', '90', '平台預設：密碼有效天數（0 = 永不過期）', '2026-06-15 09:54:42.83131', '2026-06-15 09:54:42.83131', 0);
INSERT INTO system_settings (id, tenant_id, setting_key, setting_value, description, created_at, updated_at, version) VALUES (11, '__PLATFORM__', 'password.force_change_on_first_login', 'true', '平台預設：首次登入強制改密', '2026-06-15 09:54:42.83131', '2026-06-15 09:54:42.83131', 0);
INSERT INTO system_settings (id, tenant_id, setting_key, setting_value, description, created_at, updated_at, version) VALUES (12, '__PLATFORM__', 'password.force_change_on_admin_reset', 'true', '平台預設：管理者重設密碼後強制改密', '2026-06-15 09:54:42.83131', '2026-06-15 09:54:42.83131', 0);
INSERT INTO system_settings (id, tenant_id, setting_key, setting_value, description, created_at, updated_at, version) VALUES (13, '__PLATFORM__', 'password.max_length', '128', '平台預設：密碼最大長度（DoS 防護）', '2026-06-15 09:54:42.868343', '2026-06-15 09:54:42.868343', 0);
INSERT INTO system_settings (id, tenant_id, setting_key, setting_value, description, created_at, updated_at, version) VALUES (14, '__PLATFORM__', 'password.min_special_chars', '1', '平台預設：至少 N 個特殊字元', '2026-06-15 09:54:42.868343', '2026-06-15 09:54:42.868343', 0);
INSERT INTO system_settings (id, tenant_id, setting_key, setting_value, description, created_at, updated_at, version) VALUES (15, '__PLATFORM__', 'password.min_digits', '1', '平台預設：至少 N 個數字', '2026-06-15 09:54:42.868343', '2026-06-15 09:54:42.868343', 0);
INSERT INTO system_settings (id, tenant_id, setting_key, setting_value, description, created_at, updated_at, version) VALUES (16, '__PLATFORM__', 'password.min_uppercase', '1', '平台預設：至少 N 個大寫', '2026-06-15 09:54:42.868343', '2026-06-15 09:54:42.868343', 0);
INSERT INTO system_settings (id, tenant_id, setting_key, setting_value, description, created_at, updated_at, version) VALUES (17, '__PLATFORM__', 'password.min_lowercase', '1', '平台預設：至少 N 個小寫', '2026-06-15 09:54:42.868343', '2026-06-15 09:54:42.868343', 0);
INSERT INTO system_settings (id, tenant_id, setting_key, setting_value, description, created_at, updated_at, version) VALUES (18, '__PLATFORM__', 'password.not_contains_username', 'true', '平台預設：不可包含使用者名稱', '2026-06-15 09:54:42.868343', '2026-06-15 09:54:42.868343', 0);
INSERT INTO system_settings (id, tenant_id, setting_key, setting_value, description, created_at, updated_at, version) VALUES (19, 'DEFAULT', 'audit_retention_days', '180', '稽核日誌保留天數', '2026-06-15 09:54:43.024992', '2026-06-15 09:54:43.024992', 0);
INSERT INTO system_settings (id, tenant_id, setting_key, setting_value, description, created_at, updated_at, version) VALUES (22, '__PLATFORM__', 'audit_retention_days', '180', '稽核日誌保留天數', '2026-06-15 09:54:43.024992', '2026-06-15 09:54:43.024992', 0);
INSERT INTO system_settings (id, tenant_id, setting_key, setting_value, description, created_at, updated_at, version) VALUES (23, 'DEFAULT', 'notification_retention_days', '90', '通知保留天數（已讀通知超過此天數將自動歸檔）', '2026-06-15 09:54:43.074172', '2026-06-15 09:54:43.074172', 0);
INSERT INTO system_settings (id, tenant_id, setting_key, setting_value, description, created_at, updated_at, version) VALUES (26, '__PLATFORM__', 'notification_retention_days', '90', '通知保留天數（已讀通知超過此天數將自動歸檔）', '2026-06-15 09:54:43.074172', '2026-06-15 09:54:43.074172', 0);

-- Advance the sequence past manually inserted IDs to prevent duplicate PK
-- errors when TenantAdminService.seedDefaultSettings() inserts rows for new tenants.
SELECT setval('system_settings_id_seq', COALESCE((SELECT MAX(id) FROM system_settings), 1));

